{
  "properties": {
    "connectionReferences": {
      "shared_commondataserviceforapps": {
        "runtimeSource": "embedded",
        "connection": {
          "connectionReferenceLogicalName": "fg_sharedcommondataserviceforapps_0eb3a"
        },
        "api": {
          "name": "shared_commondataserviceforapps"
        }
      },
      "shared_office365": {
        "runtimeSource": "embedded",
        "connection": {
          "connectionReferenceLogicalName": "fg_sharedoffice365_ae694"
        },
        "api": {
          "name": "shared_office365"
        }
      }
    },
    "definition": {
      "$schema": "https://schema.management.azure.com/providers/Microsoft.Logic/schemas/2016-06-01/workflowdefinition.json#",
      "contentVersion": "1.0.0.0",
      "parameters": {
        "$connections": {
          "defaultValue": {},
          "type": "Object"
        },
        "$authentication": {
          "defaultValue": {},
          "type": "SecureObject"
        }
      },
      "triggers": {
        "Recurrence": {
          "recurrence": {
            "frequency": "Day",
            "interval": 1,
            "startTime": "2024-05-23T13:00:00Z"
          },
          "metadata": {
            "operationMetadataId": "875a5c15-458e-4933-859a-52f33b869448"
          },
          "type": "Recurrence"
        }
      },
      "actions": {
        "List_rows": {
          "runAfter": {},
          "metadata": {
            "operationMetadataId": "b398357a-f04b-429b-8d1a-cff806d87770"
          },
          "type": "OpenApiConnection",
          "inputs": {
            "host": {
              "connectionName": "shared_commondataserviceforapps",
              "operationId": "ListRecords",
              "apiId": "/providers/Microsoft.PowerApps/apis/shared_commondataserviceforapps"
            },
            "parameters": {
              "entityName": "fg_projecttasks",
              "$filter": "fg_fechalimite gt @{utcNow()}"
            },
            "authentication": "@parameters('$authentication')"
          }
        },
        "Apply_to_each": {
          "foreach": "@outputs('List_rows')?['body/value']",
          "actions": {
            "Condition": {
              "actions": {
                "Apply_to_each_2": {
                  "foreach": "@outputs('List_rows')?['body/value']",
                  "actions": {
                    "Send_an_email_(V2)": {
                      "runAfter": {},
                      "metadata": {
                        "operationMetadataId": "5b691799-285d-4281-990e-3714cab7db8d"
                      },
                      "type": "OpenApiConnection",
                      "inputs": {
                        "host": {
                          "connectionName": "shared_office365",
                          "operationId": "SendEmailV2",
                          "apiId": "/providers/Microsoft.PowerApps/apis/shared_office365"
                        },
                        "parameters": {
                          "emailMessage/To": "francisgoros@hotmail.com",
                          "emailMessage/Subject": "Tareas",
                          "emailMessage/Body": "<p>Tenés tareas pendientes!&nbsp;</p>",
                          "emailMessage/Importance": "Normal"
                        },
                        "authentication": "@parameters('$authentication')"
                      }
                    }
                  },
                  "runAfter": {},
                  "metadata": {
                    "operationMetadataId": "a837d9fe-9ae7-4aac-8100-ff0d7bb31d3b"
                  },
                  "type": "Foreach"
                }
              },
              "runAfter": {},
              "expression": {
                "equals": [
                  "@div(sub(ticks(utcNow()),ticks(items('Apply_to_each')?['fg_fechalimite'])),864000000000)",
                  1
                ]
              },
              "metadata": {
                "operationMetadataId": "c2dd9a7c-cab3-487e-80f3-43a54df09c39"
              },
              "type": "If"
            }
          },
          "runAfter": {
            "List_rows": [
              "Succeeded"
            ]
          },
          "metadata": {
            "operationMetadataId": "7c387e03-a5b0-47e4-a350-c929f38eb8ce"
          },
          "type": "Foreach"
        }
      }
    },
    "templateName": ""
  },
  "schemaVersion": "1.0.0.0"
}