{
  "properties": {
    "connectionReferences": {
      "shared_excelonlinebusiness": {
        "runtimeSource": "embedded",
        "connection": {
          "connectionReferenceLogicalName": "fg_sharedexcelonlinebusiness_ed781"
        },
        "api": {
          "name": "shared_excelonlinebusiness"
        }
      },
      "shared_gmail": {
        "runtimeSource": "embedded",
        "connection": {
          "connectionReferenceLogicalName": "new_sharedgmail_53bef"
        },
        "api": {
          "name": "shared_gmail"
        }
      },
      "shared_googlecalendar": {
        "runtimeSource": "embedded",
        "connection": {
          "connectionReferenceLogicalName": "fg_sharedgooglecalendar_71a9e"
        },
        "api": {
          "name": "shared_googlecalendar"
        }
      }
    },
    "definition": {
      "$schema": "https://schema.management.azure.com/providers/Microsoft.Logic/schemas/2016-06-01/workflowdefinition.json#",
      "contentVersion": "1.0.0.0",
      "parameters": {
        "$connections": {
          "defaultValue": {},
          "type": "Object"
        },
        "$authentication": {
          "defaultValue": {},
          "type": "SecureObject"
        }
      },
      "triggers": {
        "Verificación_diaria": {
          "recurrence": {
            "frequency": "Day",
            "interval": 1,
            "timeZone": "Argentina Standard Time",
            "startTime": "2024-03-04T11:00:00Z",
            "schedule": {
              "minutes": [
                0
              ]
            }
          },
          "metadata": {
            "operationMetadataId": "d4981e9b-11e6-49c6-acdb-aaaa91552f2f"
          },
          "type": "Recurrence"
        }
      },
      "actions": {
        "Obtiene_la_información_del_excel": {
          "runAfter": {},
          "metadata": {
            "01FPPY23EGMIT2UCRIXJBYFMEQXFX2IBEH": "/Lista de cocina/Libro1.xlsx",
            "tableId": "{F199C79F-F865-40F0-8306-4AAE3956642D}",
            "operationMetadataId": "cc7adab4-c4be-469c-ada2-eb38f6325418"
          },
          "type": "OpenApiConnection",
          "inputs": {
            "parameters": {
              "source": "sites/w1ld4.sharepoint.com,9009d0c9-5c73-4bb0-b05f-c3c05fb8355d,a65b024b-f686-4730-b0bb-126f690bfb6b",
              "drive": "b!ydAJkHNcsEuwX8PAX7g1XUsCW6aG9jBHsLsSb2kL-2v7iaSpQHNyRJ3zRz0wPM7H",
              "file": "01FPPY23EGMIT2UCRIXJBYFMEQXFX2IBEH",
              "table": "{F199C79F-F865-40F0-8306-4AAE3956642D}"
            },
            "host": {
              "connectionName": "shared_excelonlinebusiness",
              "operationId": "GetItems",
              "apiId": "/providers/Microsoft.PowerApps/apis/shared_excelonlinebusiness"
            },
            "authentication": "@parameters('$authentication')"
          },
          "description": ""
        },
        "Se_aplica_a_cada_uno_de_los_items_del_excel": {
          "foreach": "@outputs('Obtiene_la_información_del_excel')?['body/value']",
          "actions": {
            "Condicion": {
              "actions": {
                "Envío_de_mail_recordatorio": {
                  "runAfter": {},
                  "metadata": {
                    "operationMetadataId": "79e8eded-e5f6-4c42-b26f-030be25cf640"
                  },
                  "type": "OpenApiConnection",
                  "inputs": {
                    "host": {
                      "connectionName": "shared_gmail",
                      "operationId": "SendEmailV2",
                      "apiId": "/providers/Microsoft.PowerApps/apis/shared_gmail"
                    },
                    "parameters": {
                      "emailMessage/To": "@variables('Correo')",
                      "emailMessage/Subject": "Cocina",
                      "emailMessage/Body": "<p>Buen día mi @{items('Se_aplica_a_cada_uno_de_los_items_del_excel')?['Nombre']}, como estás? &lt;3</p><p>Hoy:@{items('Se_aplica_a_cada_uno_de_los_items_del_excel')?['Dia']}, te toca la cocina a la noche.</p><p>Limpiala, salame.</p>",
                      "emailMessage/Importance": "High"
                    },
                    "authentication": "@parameters('$authentication')"
                  }
                },
                "Creación_del_evento_en_Google_Calendar": {
                  "runAfter": {
                    "Envío_de_mail_recordatorio": [
                      "Succeeded"
                    ]
                  },
                  "metadata": {
                    "operationMetadataId": "7f64010b-0f99-42a0-bcb6-4c4e24f92da1"
                  },
                  "type": "OpenApiConnection",
                  "inputs": {
                    "parameters": {
                      "calendarId": "francisgoros@gmail.com",
                      "newEvent/start": "@concat(formatDateTime(addDays(outputs('Fecha'), 1), 'yyyy-MM-dd'), 'T02:00:00')\r\n\r\n",
                      "newEvent/end": "@concat(formatDateTime(addDays(outputs('Fecha'), 1), 'yyyy-MM-dd'), 'T15:00:00')",
                      "newEvent/summary": "Cocina"
                    },
                    "host": {
                      "connectionName": "shared_googlecalendar",
                      "operationId": "CreateEvent",
                      "apiId": "/providers/Microsoft.PowerApps/apis/shared_googlecalendar"
                    },
                    "authentication": "@parameters('$authentication')"
                  }
                }
              },
              "runAfter": {
                "Fecha": [
                  "Succeeded"
                ]
              },
              "expression": {
                "and": [
                  {
                    "equals": [
                      "@outputs('Fecha')",
                      "@formatDateTime(utcNow(), 'yyyy-MM-dd')"
                    ]
                  },
                  {
                    "equals": [
                      "@outputs('Nombre')",
                      "@variables('Nombre')"
                    ]
                  }
                ]
              },
              "metadata": {
                "operationMetadataId": "2bed0fde-3306-4177-a916-2e410318ae1d"
              },
              "type": "If"
            },
            "Nombre": {
              "runAfter": {
                "Compose": [
                  "Succeeded"
                ]
              },
              "metadata": {
                "operationMetadataId": "793619b3-17cf-45bd-8bd9-b8a06d8c6e7b"
              },
              "type": "Compose",
              "inputs": "@items('Se_aplica_a_cada_uno_de_los_items_del_excel')?['Nombre']"
            },
            "Compose": {
              "runAfter": {},
              "metadata": {
                "operationMetadataId": "5915ea00-8908-4166-9982-768040cb3dd6"
              },
              "type": "Compose",
              "inputs": "@add(int(items('Se_aplica_a_cada_uno_de_los_items_del_excel')?['Fecha']), -1)"
            },
            "Fecha": {
              "runAfter": {
                "Nombre": [
                  "Succeeded"
                ]
              },
              "metadata": {
                "operationMetadataId": "a094a86a-36c7-4d0b-b77d-c8d46af4ecc4"
              },
              "type": "Compose",
              "inputs": "@formatDateTime(addDays('1899-12-31', int(outputs('Compose'))), 'yyyy-MM-dd')\r\n"
            }
          },
          "runAfter": {
            "Click_aquí_para_ingresar_su_correo": [
              "Succeeded"
            ]
          },
          "metadata": {
            "operationMetadataId": "757d3764-2797-4cb4-836e-df6baaea08e2"
          },
          "type": "Foreach"
        },
        "Inicialización_de_la_variable(no_tocar)": {
          "runAfter": {
            "Obtiene_la_información_del_excel": [
              "Succeeded"
            ]
          },
          "metadata": {
            "operationMetadataId": "1c3529e9-2e4b-4625-bca2-397137fc17a8"
          },
          "type": "InitializeVariable",
          "inputs": {
            "variables": [
              {
                "name": "Nombre",
                "type": "string"
              }
            ]
          },
          "description": "Se inicia la variable\n"
        },
        "Click_aquí_para_ingresar_su_nombre(como_está_en_la_lista)": {
          "runAfter": {
            "Inicialización_de_la_variable_correo(no_tocar)": [
              "Succeeded"
            ]
          },
          "metadata": {
            "operationMetadataId": "f1bb5121-9e11-41f7-900f-0ab4929f80e2"
          },
          "type": "SetVariable",
          "inputs": {
            "name": "Nombre",
            "value": "Lucas"
          }
        },
        "Inicialización_de_la_variable_correo(no_tocar)": {
          "runAfter": {
            "Inicialización_de_la_variable(no_tocar)": [
              "Succeeded"
            ]
          },
          "metadata": {
            "operationMetadataId": "25bcaaf8-19c8-4be3-b604-17947fa9de3b"
          },
          "type": "InitializeVariable",
          "inputs": {
            "variables": [
              {
                "name": "Correo",
                "type": "string"
              }
            ]
          }
        },
        "Click_aquí_para_ingresar_su_correo": {
          "runAfter": {
            "Click_aquí_para_ingresar_su_nombre(como_está_en_la_lista)": [
              "Succeeded"
            ]
          },
          "metadata": {
            "operationMetadataId": "912b6caf-e8f2-46b4-8634-8f7c2ce0ad6c"
          },
          "type": "SetVariable",
          "inputs": {
            "name": "Correo",
            "value": "francisgoros@gmail.com"
          }
        }
      }
    },
    "templateName": ""
  },
  "schemaVersion": "1.0.0.0"
}