{
  "properties": {
    "connectionReferences": {
      "shared_wordonlinebusiness": {
        "api": {
          "name": "shared_wordonlinebusiness"
        },
        "connection": {
          "connectionReferenceLogicalName": "fg_sharedwordonlinebusiness_2ff56"
        },
        "runtimeSource": "invoker"
      },
      "shared_sharepointonline": {
        "api": {
          "name": "shared_sharepointonline"
        },
        "connection": {
          "connectionReferenceLogicalName": "fg_sharedsharepointonline_fd04f"
        },
        "runtimeSource": "embedded"
      },
      "shared_onedriveforbusiness": {
        "api": {
          "name": "shared_onedriveforbusiness"
        },
        "connection": {
          "connectionReferenceLogicalName": "fg_sharedonedriveforbusiness_78f4e"
        },
        "runtimeSource": "embedded"
      }
    },
    "definition": {
      "$schema": "https://schema.management.azure.com/providers/Microsoft.Logic/schemas/2016-06-01/workflowdefinition.json#",
      "contentVersion": "1.0.0.0",
      "parameters": {
        "$authentication": {
          "defaultValue": {},
          "type": "SecureObject"
        },
        "$connections": {
          "defaultValue": {},
          "type": "Object"
        }
      },
      "triggers": {
        "manual": {
          "type": "Request",
          "kind": "Button",
          "inputs": {
            "schema": {
              "type": "object",
              "properties": {},
              "required": []
            }
          },
          "metadata": {
            "operationMetadataId": "10728e6e-6fe2-466b-aa6e-1de3e70486e5"
          }
        }
      },
      "actions": {
        "Get_items": {
          "type": "OpenApiConnection",
          "inputs": {
            "parameters": {
              "dataset": "https://w1ld4.sharepoint.com",
              "table": "364d903f-893f-4922-a6dc-54fef10eba97"
            },
            "host": {
              "apiId": "/providers/Microsoft.PowerApps/apis/shared_sharepointonline",
              "operationId": "GetItems",
              "connectionName": "shared_sharepointonline"
            }
          },
          "runAfter": {}
        },
        "For_each": {
          "type": "foreach",
          "foreach": "@outputs('Get_items')?['body/value']",
          "actions": {
            "Populate_a_Microsoft_Word_template": {
              "type": "OpenApiConnection",
              "inputs": {
                "parameters": {
                  "source": "me",
                  "drive": "b!ZW71MW8k1kmFjbvh6r_npe38OiZw6VBImbFHNrV4GIRj0tr1U_GBQr3LHPjXMieF",
                  "file": "01ZS2QPD6G433L7HWOW5BYJSUH44SK6A52",
                  "dynamicFileSchema/-1135483307": "@items('For_each')?['{Name}']",
                  "dynamicFileSchema/-1829901965": "Gorostiaga"
                },
                "host": {
                  "apiId": "/providers/Microsoft.PowerApps/apis/shared_wordonlinebusiness",
                  "operationId": "CreateFileItem",
                  "connectionName": "shared_wordonlinebusiness"
                }
              },
              "metadata": {
                "01ZS2QPD52JFKYN7S3SJB3AAOKDWC2HFBD": "/Templater/invitacionFiesta.docx",
                "01ZS2QPD6G433L7HWOW5BYJSUH44SK6A52": "/Templater/Template Pascua.docx"
              }
            }
          },
          "runAfter": {
            "Get_items": [
              "SUCCEEDED"
            ]
          }
        },
        "For_each_1": {
          "type": "foreach",
          "foreach": "@outputs('Get_items')?['body/value']",
          "actions": {
            "Create_file": {
              "type": "OpenApiConnection",
              "inputs": {
                "parameters": {
                  "folderPath": "/",
                  "name": "@{items('For_each_1')?['Created']}.docx",
                  "body": "@body('Populate_a_Microsoft_Word_template')"
                },
                "host": {
                  "apiId": "/providers/Microsoft.PowerApps/apis/shared_onedriveforbusiness",
                  "operationId": "CreateFile",
                  "connectionName": "shared_onedriveforbusiness"
                }
              },
              "runtimeConfiguration": {
                "contentTransfer": {
                  "transferMode": "Chunked"
                }
              }
            }
          },
          "runAfter": {
            "For_each": [
              "SUCCEEDED"
            ]
          }
        }
      }
    },
    "templateName": null
  },
  "schemaVersion": "1.0.0.0"
}