{"name":"51cdaae3-13a1-4c10-98fb-64a2665c48f3","id":"/providers/Microsoft.Flow/flows/51cdaae3-13a1-4c10-98fb-64a2665c48f3","type":"Microsoft.Flow/flows","properties":{"apiId":"/providers/Microsoft.PowerApps/apis/shared_logicflows","displayName":"Efemérides Dermatológicas","definition":{"metadata":{"workflowEntityId":null,"processAdvisorMetadata":null,"flowChargedByPaygo":null,"flowclientsuspensionreason":"None","flowclientsuspensiontime":null,"flowclientsuspensionreasondetails":null,"creator":{"id":"df46f7d1-079b-4e9c-9f97-75c5145a68b4","type":"User","tenantId":"705c1cb5-e218-45ce-b0cf-c098b99dc9ec"},"provisioningMethod":"FromDefinition","failureAlertSubscription":true,"clientLastModifiedTime":"2024-03-04T19:44:53.3774582Z","connectionKeySavedTimeKey":"2024-03-04T19:44:53.3774582Z"},"$schema":"https://schema.management.azure.com/providers/Microsoft.Logic/schemas/2016-06-01/workflowdefinition.json#","contentVersion":"undefined","parameters":{"$authentication":{"defaultValue":{},"type":"SecureObject"},"$connections":{"defaultValue":{},"type":"Object"}},"triggers":{"Recurrence":{"recurrence":{"frequency":"Day","interval":1,"timeZone":"Argentina Standard Time"},"type":"Recurrence"}},"actions":{"Get_items":{"runAfter":{},"type":"OpenApiConnection","inputs":{"parameters":{"dataset":"https://5v3hkr.sharepoint.com/sites/Test","table":"ad13a047-eb13-4b9d-ae93-9151f49f985f"},"host":{"apiId":"/providers/Microsoft.PowerApps/apis/shared_sharepointonline","connectionName":"shared_sharepointonline","operationId":"GetItems"},"authentication":"@parameters('$authentication')"}},"For_each":{"foreach":"@outputs('Get_items')?['body/value']","actions":{"Condition":{"actions":{"Send_an_email_(V2)":{"type":"OpenApiConnection","inputs":{"parameters":{"emailMessage/To":"info@elcommunitymanager.com.ar","emailMessage/Subject":"Hoy es: @{items('For_each')?['Title']}!","emailMessage/Body":"<br>","emailMessage/Importance":"Normal"},"host":{"apiId":"/providers/Microsoft.PowerApps/apis/shared_office365","connectionName":"shared_office365","operationId":"SendEmailV2"},"authentication":"@parameters('$authentication')"}}},"else":{"actions":{}},"expression":{"and":[{"equals":["@formatDateTime(items('For_each')?['field_1'], 'dd-MM-yyyy')","@formatDateTime(convertTimeZone(utcNow(), 'UTC', 'Argentina Standard Time'), 'dd-MM-yyyy')"]}]},"type":"If"}},"runAfter":{"Get_items":["Succeeded"]},"type":"Foreach"}}},"connectionReferences":{"shared_sharepointonline":{"connectionName":"shared-sharepointonl-3e064580-1149-460c-958c-36a063b603bf","source":"Embedded","id":"/providers/Microsoft.PowerApps/apis/shared_sharepointonline","tier":"NotSpecified"},"shared_office365":{"connectionName":"256baa85f47b43789e93d6e884fc6679","source":"Embedded","id":"/providers/Microsoft.PowerApps/apis/shared_office365","tier":"NotSpecified"}},"flowFailureAlertSubscribed":false,"isManaged":false}}