<environmentvariabledefinition schemaname="fg_Projects">
  <apiid>/providers/microsoft.powerapps/apis/shared_commondataservice</apiid>
  <defaultvalue>https://orgcdde0def.crm2.dynamics.com/</defaultvalue>
  <displayname default="Projects">
    <label description="Projects" languagecode="1033" />
  </displayname>
  <introducedversion>1.0.0.1</introducedversion>
  <iscustomizable>1</iscustomizable>
  <isrequired>0</isrequired>
  <secretstore>0</secretstore>
  <type>100000004</type>
</environmentvariabledefinition>